cardId,name,team,year,cardType,grade,position,velo,stuff,control,stamina,OVR
50001,이재희,삼성,26,N,4,RP,75,65,67,40,61
50002,배찬승,삼성,26,N,3,RP,80,65,64,40,62
50003,김태훈,삼성,26,N,3,RP,75,66,68,40,62
50004,이승현A,삼성,26,N,3,SP,70,55,60,65,62
50005,이승현B,삼성,26,N,3,RP,77,65,64,42,62
50006,김재윤,삼성,26,N,5,CP,77,75,68,38,64
50007,미야지,삼성,26,N,3,RP,75,70,61,35,60
50008,이승민,삼성,26,N,4,RP,77,68,65,40,62
50009,백정현,삼성,26,N,3,RP,65,62,67,45,59
50010,최지광,삼성,26,N,4,RP,75,70,66,37,62
50011,오러클린,삼성,26,N,4,SP,76,70,68,65,69
50012,후라도,삼성,26,N,5,SP,76,74,72,70,73
50013,원태인,삼성,26,N,5,SP,78,76,70,67,72
50014,양창섭,삼성,26,N,4,SP,74,68,72,66,70
50015,장찬희,삼성,26,N,3,SP,76,64,66,60,66
50016,이재익,삼성,26,N,3,RP,68,55,58,35,54
50017,임기영,삼성,26,N,3,RP,72,65,68,45,62
50018,오원석,KT,26,N,5,SP,76,70,68,65,69
50019,고영표,KT,26,N,5,SP,72,75,75,68,72
50020,사우어,KT,26,N,5,SP,78,74,68,66,71
50021,김민수,KT,26,N,4,RP,75,68,65,40,62
50022,로건,KT,26,N,4,SP,75,68,65,62,67
50023,문용익,KT,26,N,3,RP,76,64,60,38,59
50024,주권,KT,26,N,4,CP,74,68,66,40,62
50025,박영현,KT,26,N,5,CP,78,76,70,42,66
50026,배제성,KT,26,N,4,SP,75,66,62,62,66
50027,보쉴리,KT,26,N,5,SP,77,73,68,67,71
50028,소형준,KT,26,N,5,SP,76,72,70,65,70
50029,손동현,KT,26,N,4,RP,75,68,65,40,62
50030,스기모토,KT,26,N,4,RP,76,67,66,40,62
50031,우규민,KT,26,N,3,RP,68,62,70,35,58
50032,원상현,KT,26,N,3,RP,74,60,58,38,57
50033,이상동,KT,26,N,3,RP,73,61,59,38,57
50034,한승혁,KT,26,N,3,RP,78,65,55,40,59
50035,박치국,두산,26,N,4,RP,75,68,65,40,62
50036,최승용,두산,26,N,4,SP,75,67,65,62,67
50037,이병헌,두산,26,N,3,RP,76,65,60,40,60
50038,잭로그,두산,26,N,5,SP,77,74,70,68,72
50039,최지강,두산,26,N,3,RP,73,61,59,38,57
50040,이용찬,두산,26,N,3,RP,70,62,65,38,58
50041,곽빈,두산,26,N,5,SP,78,75,68,68,72
50042,벤자민,두산,26,N,5,SP,76,73,69,67,71
50043,박신지,두산,26,N,4,RP,75,67,65,40,61
50044,이영하,두산,26,N,4,RP,76,68,64,42,62
50045,김택연,두산,26,N,5,CP,78,76,68,40,65
50046,윤태호,두산,26,N,3,RP,74,64,62,38,59
50047,최민석,두산,26,N,4,SP,74,66,64,60,66
50048,곽도규,기아,26,N,3,RP,75,65,62,38,60
50049,김범수,기아,26,N,3,RP,77,64,58,38,59
50050,김태형,기아,26,N,3,SP,74,64,62,60,65
50051,네일,기아,26,N,5,SP,77,75,72,66,72
50052,성영탁,기아,26,N,4,CP,75,68,66,40,62
50053,시라카와,기아,26,N,3,SP,75,65,63,62,66
50054,양현종,기아,26,N,5,SP,74,72,74,68,72
50055,올러,기아,26,N,5,SP,77,76,75,70,74
50056,윤영철,기아,26,N,3,RP,72,62,66,38,59
50057,이의리,기아,26,N,3,SP,76,64,58,60,64
50058,이형범,기아,26,N,3,RP,70,58,60,38,56
50059,전상현,기아,26,N,3,RP,74,62,64,38,59
50060,정해영,기아,26,N,4,CP,76,70,66,40,63
50061,조상우,기아,26,N,3,RP,77,66,62,38,60
50062,최지민,기아,26,N,3,RP,76,65,60,38,59
50063,홍건희,기아,26,N,3,RP,75,62,60,38,58
50064,홍민규,기아,26,N,3,RP,73,60,60,38,57
50065,황동하,기아,26,N,4,SP,74,66,65,62,66
50066,김녹원,NC,26,N,3,SP,75,64,64,61,66
50067,라일리,NC,26,N,5,SP,76,74,71,67,72
50068,토다,NC,26,N,4,SP,75,67,66,63,67
50069,김영규,NC,26,N,3,RP,76,65,62,39,60
50070,신민혁,NC,26,N,3,SP,75,64,64,61,66
50071,임지민,NC,26,N,3,RP,72,61,63,38,58
50072,목지훈,NC,26,N,3,RP,72,61,63,38,58
50073,김재열,NC,26,N,3,RP,69,56,59,36,55
50074,임정호,NC,26,N,3,RP,72,61,63,38,58
50075,이준혁,NC,26,N,3,RP,72,61,63,38,58
50076,류진욱,NC,26,N,3,CP,76,72,67,40,63
50077,송명기,NC,26,N,3,RP,76,65,62,39,60
50078,김진호,NC,26,N,3,RP,72,61,63,38,58
50079,전사민,NC,26,N,4,CP,75,69,66,40,62
50080,구창모,NC,26,N,5,SP,76,74,71,67,72
50081,배재환,NC,26,N,3,RP,76,65,62,39,60
50082,테일러,NC,26,N,5,SP,76,74,71,67,72
50083,원종해,NC,26,N,3,RP,72,61,63,38,58
50084,구승민,롯데,26,N,4,RP,75,68,65,40,62
50085,김원중,롯데,26,N,5,CP,78,76,69,40,65
50086,김진욱,롯데,26,N,5,SP,76,74,71,67,72
50087,나균안,롯데,26,N,3,SP,76,64,58,60,64
50088,박세웅,롯데,26,N,5,SP,76,74,71,67,72
50089,박정민,롯데,26,N,3,RP,72,61,63,38,58
50090,박준우,롯데,26,N,3,RP,76,65,62,39,60
50091,박진,롯데,26,N,3,RP,72,61,63,38,58
50092,로드리게스,롯데,26,N,5,SP,76,74,71,67,72
50093,이민석,롯데,26,N,3,RP,76,65,62,39,60
50094,정현수,롯데,26,N,4,RP,75,68,65,40,62
50095,정철원,롯데,26,N,3,RP,72,61,63,38,58
50096,비슬리,롯데,26,N,5,SP,76,74,71,67,72
50097,최이준,롯데,26,N,3,RP,76,65,62,39,60
50098,최준용,롯데,26,N,4,CP,75,69,66,40,62
50099,현도훈,롯데,26,N,3,RP,72,61,63,38,58
50100,홍민기,롯데,26,N,3,RP,72,61,63,38,58
50101,김영우,LG,26,N,3,RP,69,56,59,36,55
50102,김진성,LG,26,N,3,RP,76,65,62,39,60
50103,리오스,LG,26,N,5,RP,74,64,63,39,60
50104,박시원,LG,26,N,3,RP,72,61,63,38,58
50105,배재준,LG,26,N,3,RP,76,65,62,39,60
50106,손주영,LG,26,N,5,CP,78,76,69,40,65
50107,송승기,LG,26,N,4,RP,75,68,65,40,62
50108,우강훈,LG,26,N,3,RP,72,61,63,38,58
50109,웰스,LG,26,N,5,SP,76,74,71,67,72
50110,유영찬,LG,26,N,3,CP,76,72,67,40,63
50111,이정용,LG,26,N,3,RP,72,61,63,38,58
50112,이지강,LG,26,N,3,RP,72,61,63,38,58
50113,임찬규,LG,26,N,5,SP,76,74,71,67,72
50114,장시환,LG,26,N,3,RP,69,56,59,36,55
50115,장현식,LG,26,N,3,SP,75,64,64,61,66
50116,조건희,LG,26,N,3,RP,69,56,59,36,55
50117,톨허스트,LG,26,N,5,SP,76,74,71,67,72
50118,함덕주,LG,26,N,3,SP,75,64,64,61,66
50119,류현진,한화,26,N,5,SP,76,74,71,67,72
50120,문동주,한화,26,N,5,SP,76,74,71,67,72
50121,에르난데스,한화,26,N,4,SP,75,67,66,63,67
50122,이상규,한화,26,N,3,RP,72,61,63,38,58
50123,왕옌청,한화,26,N,5,SP,76,74,71,67,72
50124,화이트,한화,26,N,5,SP,76,74,71,67,72
50125,이민우,한화,26,N,3,RP,76,65,62,39,60
50126,황준서,한화,26,N,3,RP,72,61,63,38,58
50127,김종수,한화,26,N,3,RP,76,65,62,39,60
50128,김서현,한화,26,N,3,CP,76,72,67,40,63
50129,윤산흠,한화,26,N,3,RP,72,61,63,38,58
50130,조동욱,한화,26,N,4,RP,75,68,65,40,62
50131,박상원,한화,26,N,4,RP,75,68,65,40,62
50132,정우주,한화,26,N,3,RP,76,65,62,39,60
50133,주현상,한화,26,N,3,RP,76,65,62,39,60
50134,박준영A,한화,26,N,4,SP,75,67,66,63,67
50135,박준영B,한화,26,N,3,RP,69,56,59,36,55
50136,김건우,SSG,26,N,3,SP,75,64,64,61,66
50137,김광현,SSG,26,N,5,SP,76,74,71,67,72
50138,김민,SSG,26,N,3,RP,72,61,63,38,58
50139,노경은,SSG,26,N,4,RP,75,68,65,40,62
50140,문승원,SSG,26,N,3,RP,76,65,62,39,60
50141,박시후,SSG,26,N,3,RP,69,56,59,36,55
50142,박종훈,SSG,26,N,3,RP,69,56,59,36,55
50143,베니지아노,SSG,26,N,4,SP,75,67,66,63,67
50144,서진용,SSG,26,N,3,RP,72,61,63,38,58
50145,이건욱,SSG,26,N,3,RP,72,61,63,38,58
50146,이로운,SSG,26,N,3,RP,76,65,62,39,60
50147,조병현,SSG,26,N,4,CP,75,69,66,40,62
50148,최민준,SSG,26,N,3,SP,76,64,58,60,64
50149,타케다,SSG,26,N,3,SP,75,64,64,61,66
50150,한두솔,SSG,26,N,3,RP,76,65,62,39,60
50151,해치,SSG,26,N,4,SP,75,67,66,63,67
50152,김선기,키움,26,N,3,RP,69,56,59,36,55
50153,김재웅,키움,26,N,3,RP,72,61,63,38,58
50154,박윤성,키움,26,N,3,RP,72,61,63,38,58
50155,박정훈,키움,26,N,3,RP,72,61,63,38,58
50156,박준현,키움,26,N,4,SP,75,67,66,63,67
50157,박지성,키움,26,N,3,RP,72,61,63,38,58
50158,배동현,키움,26,N,3,SP,75,64,64,61,66
50159,안우진,키움,26,N,5,SP,76,74,71,67,72
50160,알칸타라,키움,26,N,5,SP,76,74,71,67,72
50161,오석주,키움,26,N,3,RP,76,65,62,39,60
50162,원종현,키움,26,N,3,RP,76,65,62,39,60
50163,유토,키움,26,N,4,CP,75,69,66,40,62
50164,윤석원,키움,26,N,3,RP,69,56,59,36,55
50165,조영건,키움,26,N,3,RP,69,56,59,36,55
50166,하영민,키움,26,N,4,SP,75,67,66,63,67